label,text
"Meeting","Had a team meeting to discuss project roadmap"
"Development","Fixed a bug in the authentication module"
"Operations","Deployed new version to production"
"Development","Code review for the new feature"
"Meeting","Weekly standup with the team"
"Documentation","Updated API documentation"
"Operations","Investigated production issue"
"Development","Created new React component"
"Meeting","Sprint planning session"
"Operations","Updated AWS infrastructure"
"Development","Added unit tests for user service"
"Meeting","Team retrospective discussion"
"Documentation","Wrote technical design document"
"Operations","Configured monitoring alerts"
"Development","Implemented new API endpoint"
"Meeting","Monthly team sync meeting"
"Meeting","Daily standup discussion"
"Meeting","Project kickoff meeting"
"Meeting","One-on-one with manager"
"Meeting","Team building session"
"Development","Fixed CSS styling issues"
"Development","Implemented user authentication"
"Development","Added form validation"
"Development","Refactored database queries"
"Development","Created new microservice"
"Operations","Server maintenance and updates"
"Operations","Database backup and verification"
"Operations","Load balancer configuration"
"Operations","Security patch deployment"
"Operations","Network infrastructure update"
"Documentation","API design documentation"
"Documentation","System architecture document"
"Documentation","Release notes preparation"
"Documentation","User guide updates"
"Documentation","Code comments and documentation"
